students_name,top_grade
"Student	0",10
"Student	1",10
"Student	2",9
"Student	3",8
"Student	4",9
"Student	5",10
"Student	6",10
"Student	7",10
"Student	8",9
"Student	9",10
"Student	10",9
"Student	11",10
"Student	12",10
"Student	13",10
"Student	14",9
"Student	15",9
"Student	16",9
"Student	17",10
"Student	18",9
"Student	19",9
"Student	20",10
"Student	21",10
"Student	22",10
"Student	23",10
"Student	24",10
"Student	25",10
"Student	26",10
"Student	27",10
"Student	28",10
"Student	29",10
"Student	30",10
"Student	31",9
"Student	32",10
"Student	33",10
"Student	34",9
"Student	35",10
"Student	36",9
"Student	37",10
"Student	38",9
"Student	39",10
"Student	40",8
"Student	41",10
"Student	42",10
"Student	43",10
"Student	44",10
"Student	45",8
"Student	46",10
"Student	47",10
"Student	48",10
